Datetime,Water Level (m)
2026-01-02 18:00:00,0.32248706
2026-01-02 19:00:00,-0.1242846
2026-01-02 20:00:00,-0.5844345
2026-01-02 21:00:00,-0.97214323
2026-01-02 22:00:00,-1.2310083
2026-01-02 23:00:00,-1.2767346
2026-01-03 00:00:00,-0.91221946
2026-01-03 01:00:00,-0.43201417
2026-01-03 02:00:00,0.037759457
2026-01-03 03:00:00,0.4125119
2026-01-03 04:00:00,0.55389655
2026-01-03 05:00:00,0.35990235
2026-01-03 06:00:00,-0.049537502
2026-01-03 07:00:00,-0.4658293
2026-01-03 08:00:00,-0.857976
2026-01-03 09:00:00,-1.1812278
2026-01-03 10:00:00,-1.3905021
2026-01-03 11:00:00,-1.3508133
2026-01-03 12:00:00,-0.9219937
2026-01-03 13:00:00,-0.41249698
2026-01-03 14:00:00,0.15256953
2026-01-03 15:00:00,0.70121074
2026-01-03 16:00:00,1.0338519
2026-01-03 17:00:00,1.0538478
2026-01-03 18:00:00,0.699541
2026-01-03 19:00:00,0.2024174
2026-01-03 20:00:00,-0.28655717
2026-01-03 21:00:00,-0.75529426
2026-01-03 22:00:00,-1.12404
2026-01-03 23:00:00,-1.3448156
2026-01-04 00:00:00,-1.2902519
2026-01-04 01:00:00,-0.84331167
2026-01-04 02:00:00,-0.35659987
2026-01-04 03:00:00,0.1147098
2026-01-04 04:00:00,0.4766883
2026-01-04 05:00:00,0.56652206
2026-01-04 06:00:00,0.31728074
2026-01-04 07:00:00,-0.09910326
2026-01-04 08:00:00,-0.519648
2026-01-04 09:00:00,-0.9122589
2026-01-04 10:00:00,-1.2313222
2026-01-04 11:00:00,-1.4208273
2026-01-04 12:00:00,-1.3002182
2026-01-04 13:00:00,-0.82938117
2026-01-04 14:00:00,-0.29133698
2026-01-04 15:00:00,0.2916153
2026-01-04 16:00:00,0.80976367
2026-01-04 17:00:00,1.0698249
2026-01-04 18:00:00,0.96993655
2026-01-04 19:00:00,0.52807236
2026-01-04 20:00:00,0.036699392
2026-01-04 21:00:00,-0.45910826
2026-01-04 22:00:00,-0.9056479
2026-01-04 23:00:00,-1.2343454
2026-01-05 00:00:00,-1.4032301
2026-01-05 01:00:00,-1.2276689
2026-01-05 02:00:00,-0.74516636
2026-01-05 03:00:00,-0.24980834
2026-01-05 04:00:00,0.21184309
2026-01-05 05:00:00,0.524679
2026-01-05 06:00:00,0.5318036
2026-01-05 07:00:00,0.22711438
2026-01-05 08:00:00,-0.18548694
2026-01-05 09:00:00,-0.60216933
2026-01-05 10:00:00,-0.9792802
2026-01-05 11:00:00,-1.2724036
2026-01-05 12:00:00,-1.4083507
2026-01-05 13:00:00,-1.1835088
2026-01-05 14:00:00,-0.6914079
2026-01-05 15:00:00,-0.13723877
2026-01-05 16:00:00,0.42926604
2026-01-05 17:00:00,0.88455504
2026-01-05 18:00:00,1.0279025
2026-01-05 19:00:00,0.8088998
2026-01-05 20:00:00,0.33534044
2026-01-05 21:00:00,-0.14927588
2026-01-05 22:00:00,-0.632393
2026-01-05 23:00:00,-1.0422702
2026-01-06 00:00:00,-1.3186183
2026-01-06 01:00:00,-1.4027728
2026-01-06 02:00:00,-1.0901548
2026-01-06 03:00:00,-0.6169486
2026-01-06 04:00:00,-0.12087038
2026-01-06 05:00:00,0.30887902
2026-01-06 06:00:00,0.54455405
2026-01-06 07:00:00,0.47041717
2026-01-06 08:00:00,0.12851185
2026-01-06 09:00:00,-0.2774297
2026-01-06 10:00:00,-0.6812916
2026-01-06 11:00:00,-1.0256703
2026-01-06 12:00:00,-1.2749777
2026-01-06 13:00:00,-1.330729
2026-01-06 14:00:00,-1.0084006
2026-01-06 15:00:00,-0.5262268
2026-01-06 16:00:00,0.013681264
2026-01-06 17:00:00,0.5360988
2026-01-06 18:00:00,0.874875
2026-01-06 19:00:00,0.89400566
2026-01-06 20:00:00,0.57410306
2026-01-06 21:00:00,0.10643355
2026-01-06 22:00:00,-0.35688135
2026-01-06 23:00:00,-0.8029305
2026-01-07 00:00:00,-1.1520146
2026-01-07 01:00:00,-1.3540342
2026-01-07 02:00:00,-1.3115395
2026-01-07 03:00:00,-0.90292186
2026-01-07 04:00:00,-0.44350195
2026-01-07 05:00:00,0.01608756
2026-01-07 06:00:00,0.38284287
2026-01-07 07:00:00,0.51767606
2026-01-07 08:00:00,0.37466282
2026-01-07 09:00:00,0.023927923
2026-01-07 10:00:00,-0.3648463
2026-01-07 11:00:00,-0.7349563
2026-01-07 12:00:00,-1.0372263
2026-01-07 13:00:00,-1.2283527
2026-01-07 14:00:00,-1.17488
2026-01-07 15:00:00,-0.77873933
2026-01-07 16:00:00,-0.31298417
2026-01-07 17:00:00,0.172647
2026-01-07 18:00:00,0.5897573
2026-01-07 19:00:00,0.7794544
2026-01-07 20:00:00,0.6696845
2026-01-07 21:00:00,0.29490608
2026-01-07 22:00:00,-0.13617626
2026-01-07 23:00:00,-0.559864
2026-01-08 00:00:00,-0.9399892
2026-01-08 01:00:00,-1.209378
2026-01-08 02:00:00,-1.324423
2026-01-08 03:00:00,-1.1324607
2026-01-08 04:00:00,-0.7262376
2026-01-08 05:00:00,-0.29148802
2026-01-08 06:00:00,0.11875693
2026-01-08 07:00:00,0.40242833
2026-01-08 08:00:00,0.45173812
2026-01-08 09:00:00,0.25273663
2026-01-08 10:00:00,-0.08846459
2026-01-08 11:00:00,-0.4440192
2026-01-08 12:00:00,-0.76972824
2026-01-08 13:00:00,-1.0153604
2026-01-08 14:00:00,-1.1159711
2026-01-08 15:00:00,-0.9372443
2026-01-08 16:00:00,-0.5478825
2026-01-08 17:00:00,-0.122632414
2026-01-08 18:00:00,0.2778962
